{"last_month_index":37.6,"change_from_start_percentage":4.735376044568254,"last_year_increase_percentage":4.735376044568254,"max_value":38,"min_value":35.9,"last_month_date":"2010-06-01"}
